{
    "max_id": 81,
    "active_3": {
        "file": "C:\\fakepath\\202407241220.png",
        "skip_id": "180002",
        "sort_id": "1",
        "panel_id": "1003",
        "beg_time": "2023-12-27 15:38:17",
        "end_time": "2025-12-31 00:00:00",
        "path": "/./res/release/activitySkip",
        "file_name": "202407241220.png",
        "mod_time": "2024-07-24 12:21:04",
        "id": "3"
    },
    "active_4": {
        "file": "C:\\fakepath\\202312271619.png",
        "skip_id": "180001",
        "sort_id": "2",
        "panel_id": "1002",
        "beg_time": "2023-12-27 15:38:17",
        "end_time": "2025-12-31 00:00:00",
        "path": "./res/release/activitySkip",
        "file_name": "202312271619.png",
        "mod_time": "2023-12-27 16:18:55",
        "id": "4"
    },
    "active_37": {
        "file": "C:\\fakepath\\202512301124.png",
        "skip_id": "30002",
        "sort_id": "3",
        "panel_id": "1001",
        "beg_time": "2025-12-30 11:24:39",
        "end_time": "2026-02-11 03:00:00",
        "path": "/./res/release/activitySkip",
        "file_name": "202512301124.png",
        "mod_time": "2025-12-30 11:24:52",
        "id": "37"
    },
    "active_38": {
        "file": "C:\\fakepath\\202512301125.png",
        "skip_id": "40001",
        "sort_id": "3",
        "panel_id": "1001",
        "beg_time": "2025-12-30 11:25:17",
        "end_time": "2026-02-11 03:00:00",
        "path": "/./res/release/activitySkip",
        "file_name": "202512301125.png",
        "mod_time": "2025-12-30 11:25:23",
        "id": "38"
    },
    "active_39": {
        "file": "C:\\fakepath\\202512301126.png",
        "skip_id": "440001",
        "sort_id": "5",
        "panel_id": "1001",
        "beg_time": "2025-12-30 11:25:49",
        "end_time": "2026-02-11 03:00:00",
        "path": "/./res/release/activitySkip",
        "file_name": "202512301126.png",
        "mod_time": "2025-12-30 11:25:54",
        "id": "39"
    },
    "active_40": {
        "file": "C:\\fakepath\\202512301127.png",
        "skip_id": "351004",
        "sort_id": "5",
        "panel_id": "1001",
        "beg_time": "2025-12-30 11:26:40",
        "end_time": "2026-02-11 03:00:00",
        "path": "/./res/release/activitySkip",
        "file_name": "202512301127.png",
        "mod_time": "2025-12-30 11:26:43",
        "id": "40"
    },
    "active_60": {
        "file": "C:\\fakepath\\202512301128.png",
        "skip_id": "61056",
        "sort_id": "6",
        "panel_id": "1001",
        "beg_time": "2025-12-30 11:27:15",
        "end_time": "2026-02-11 03:00:00",
        "path": "/./res/release/activitySkip",
        "file_name": "202512301128.png",
        "mod_time": "2025-12-30 11:27:19",
        "id": "60"
    },
    "active_66": {
        "file": "C:\\fakepath\\202512301129.png",
        "skip_id": "61057",
        "sort_id": "1",
        "panel_id": "1001",
        "beg_time": "2025-12-30 11:27:37",
        "end_time": "2026-02-11 03:00:00",
        "path": "/./res/release/activitySkip",
        "file_name": "202512301129.png",
        "mod_time": "2025-12-30 11:27:41",
        "id": "66"
    },
    "active_67": {
        "file": "C:\\fakepath\\202512301130.png",
        "skip_id": "140002",
        "sort_id": "1",
        "panel_id": "1001",
        "beg_time": "2025-12-30 11:28:11",
        "end_time": "2026-02-11 03:00:00",
        "path": "/./res/release/activitySkip",
        "file_name": "202512301130.png",
        "mod_time": "2025-12-30 11:28:14",
        "id": "67"
    },
    "active_68": {
        "file": "C:\\fakepath\\202512301131.png",
        "skip_id": "140019",
        "sort_id": "10",
        "panel_id": "1001",
        "beg_time": "2025-12-30 11:28:36",
        "end_time": "2026-02-11 03:00:00",
        "path": "/./res/release/activitySkip",
        "file_name": "202512301131.png",
        "mod_time": "2025-12-30 11:28:44",
        "id": "68"
    },
    "active_69": {
        "file": "C:\\fakepath\\202512301132.png",
        "skip_id": "310001",
        "sort_id": "10",
        "panel_id": "1001",
        "beg_time": "2025-12-30 11:29:14",
        "end_time": "2026-02-02 03:00:00",
        "path": "/./res/release/activitySkip",
        "file_name": "202512301132.png",
        "mod_time": "2025-12-30 11:29:36",
        "id": "69"
    },
    "active_70": {
        "file": "C:\\fakepath\\202512301133.png",
        "skip_id": "370001",
        "sort_id": "10",
        "panel_id": "1001",
        "beg_time": "2026-01-07 10:00:00",
        "end_time": "2026-01-14 03:00:00",
        "path": "/./res/release/activitySkip",
        "file_name": "202512301133.png",
        "mod_time": "2025-12-30 11:30:37",
        "id": "70"
    },
    "active_71": {
        "file": "C:\\fakepath\\202512301134.png",
        "skip_id": "61042",
        "sort_id": "10",
        "panel_id": "1001",
        "beg_time": "2026-01-07 10:00:00",
        "end_time": "2026-02-11 03:00:00",
        "path": "/./res/release/activitySkip",
        "file_name": "202512301134.png",
        "mod_time": "2025-12-30 11:31:26",
        "id": "71"
    },
    "active_72": {
        "file": "C:\\fakepath\\202512301135.png",
        "skip_id": "140008",
        "sort_id": "10",
        "panel_id": "1001",
        "beg_time": "2026-01-07 10:00:00",
        "end_time": "2026-02-11 03:00:00",
        "path": "/./res/release/activitySkip",
        "file_name": "202512301135.png",
        "mod_time": "2025-12-30 11:32:00",
        "id": "72"
    },
    "active_73": {
        "file": "C:\\fakepath\\202512301136.png",
        "skip_id": "13039",
        "sort_id": "10",
        "panel_id": "1001",
        "beg_time": "2026-01-14 10:00:00",
        "end_time": "2026-02-04 03:00:00",
        "path": "/./res/release/activitySkip",
        "file_name": "202512301136.png",
        "mod_time": "2025-12-30 11:32:43",
        "id": "73"
    },
    "active_74": {
        "file": "C:\\fakepath\\202512301137.png",
        "skip_id": "61018",
        "sort_id": "1",
        "panel_id": "1004",
        "beg_time": "2026-01-14 10:00:00",
        "end_time": "2026-02-11 03:00:00",
        "path": "/./res/release/activitySkip",
        "file_name": "202512301137.png",
        "mod_time": "2025-12-30 11:33:29",
        "id": 74
    },
    "active_75": {
        "file": "C:\\fakepath\\202512301138.png",
        "skip_id": "140008",
        "sort_id": "1",
        "panel_id": "1004",
        "beg_time": "2026-01-14 10:00:00",
        "end_time": "2026-02-11 03:00:00",
        "path": "/./res/release/activitySkip",
        "file_name": "202512301138.png",
        "mod_time": "2025-12-30 11:34:31",
        "id": 75
    },
    "active_76": {
        "file": "C:\\fakepath\\202512301139.png",
        "skip_id": "61059",
        "sort_id": "1",
        "panel_id": "1004",
        "beg_time": "2026-01-14 10:00:00",
        "end_time": "2026-03-11 03:00:00",
        "path": "/./res/release/activitySkip",
        "file_name": "202512301139.png",
        "mod_time": "2025-12-30 11:35:40",
        "id": 76
    },
    "active_77": {
        "file": "C:\\fakepath\\202512301140.png",
        "skip_id": "13211",
        "sort_id": "1",
        "panel_id": "1004",
        "beg_time": "2026-01-21 10:00:00",
        "end_time": "2026-02-11 03:00:00",
        "path": "/./res/release/activitySkip",
        "file_name": "202512301140.png",
        "mod_time": "2025-12-30 11:36:11",
        "id": 77
    },
    "active_78": {
        "file": "C:\\fakepath\\202512301141.png",
        "skip_id": "140002",
        "sort_id": "1",
        "panel_id": "1004",
        "beg_time": "2025-12-30 11:36:38",
        "end_time": "2026-01-07 00:00:00",
        "path": "/./res/release/activitySkip",
        "file_name": "202512301141.png",
        "mod_time": "2025-12-30 11:36:50",
        "id": 78
    },
    "active_79": {
        "file": "C:\\fakepath\\202512301142.png",
        "skip_id": "140002",
        "sort_id": "1",
        "panel_id": "1004",
        "beg_time": "2025-12-30 11:36:38",
        "end_time": "2026-01-05 00:00:00",
        "path": "/./res/release/activitySkip",
        "file_name": "202512301142.png",
        "mod_time": "2025-12-30 11:37:24",
        "id": 79
    },
    "active_80": {
        "file": "C:\\fakepath\\202512301145.png",
        "skip_id": "30002",
        "sort_id": "1",
        "panel_id": "1004",
        "beg_time": "2025-12-30 11:46:05",
        "end_time": "2026-02-11 03:00:00",
        "path": "/./res/release/activitySkip",
        "file_name": "202512301145.png",
        "mod_time": "2025-12-30 11:46:14",
        "id": 80
    },
    "active_81": {
        "file": "C:\\fakepath\\202512301146.png",
        "skip_id": "140002",
        "sort_id": "1",
        "panel_id": "1004",
        "beg_time": "2025-12-30 11:46:05",
        "end_time": "2026-02-11 03:00:00",
        "path": "/./res/release/activitySkip",
        "file_name": "202512301146.png",
        "mod_time": "2025-12-30 11:46:41",
        "id": 81
    }
}