[
    {
        "skuCode": "310003",
        "skuType": 1,
        "goodsId": "PayImagePack_310003",
        "skuName": "优惠插图礼包",
        "amount": 10600,
        "currency": "CNY",
        "gameCoins": 0
    },
    {
        "skuCode": "310002",
        "skuType": 1,
        "goodsId": "PayImagePack_310002",
        "skuName": "优惠插图礼包",
        "amount": 12400,
        "currency": "CNY",
        "gameCoins": 0
    },
    {
        "skuCode": "310001",
        "skuType": 1,
        "goodsId": "PayImagePack_310001",
        "skuName": "优惠插图礼包",
        "amount": 14200,
        "currency": "CNY",
        "gameCoins": 0
    },
    {
        "skuCode": "400026",
        "skuType": 1,
        "goodsId": "PayItem_228",
        "skuName": "228元付费项",
        "amount": 22800,
        "currency": "CNY",
        "gameCoins": 0
    },
    {
        "skuCode": "400027",
        "skuType": 1,
        "goodsId": "PayItem_268",
        "skuName": "268元付费项",
        "amount": 26800,
        "currency": "CNY",
        "gameCoins": 0
    },
    {
        "skuCode": "400024",
        "skuType": 1,
        "goodsId": "PayItem_148",
        "skuName": "148元付费项",
        "amount": 14800,
        "currency": "CNY",
        "gameCoins": 0
    },
    {
        "skuCode": "400025",
        "skuType": 1,
        "goodsId": "PayItem_208",
        "skuName": "208元付费项",
        "amount": 20800,
        "currency": "CNY",
        "gameCoins": 0
    },
    {
        "skuCode": "400022",
        "skuType": 1,
        "goodsId": "PayItem_88",
        "skuName": "88元付费项",
        "amount": 8800,
        "currency": "CNY",
        "gameCoins": 0
    },
    {
        "skuCode": "400023",
        "skuType": 1,
        "goodsId": "PayItem_138",
        "skuName": "138元付费项",
        "amount": 13800,
        "currency": "CNY",
        "gameCoins": 0
    },
    {
        "skuCode": "400020",
        "skuType": 1,
        "goodsId": "PayItem_328",
        "skuName": "328元付费项",
        "amount": 32800,
        "currency": "CNY",
        "gameCoins": 0
    },
    {
        "skuCode": "400021",
        "skuType": 1,
        "goodsId": "PayItem_78",
        "skuName": "78元付费项",
        "amount": 7800,
        "currency": "CNY",
        "gameCoins": 0
    },
    {
        "skuCode": "400028",
        "skuType": 1,
        "goodsId": "PayItem_288",
        "skuName": "288元付费项",
        "amount": 28800,
        "currency": "CNY",
        "gameCoins": 0
    },
    {
        "skuCode": "400029",
        "skuType": 1,
        "goodsId": "PayItem_308",
        "skuName": "308元付费项",
        "amount": 30800,
        "currency": "CNY",
        "gameCoins": 0
    },
    {
        "skuCode": "400031",
        "skuType": 1,
        "goodsId": "PayItem_648",
        "skuName": "648元付费项",
        "amount": 64800,
        "currency": "CNY",
        "gameCoins": 0
    },
    {
        "skuCode": "400030",
        "skuType": 1,
        "goodsId": "PayItem_518",
        "skuName": "518元礼包",
        "amount": 51800,
        "currency": "CNY",
        "gameCoins": 0
    },
    {
        "skuCode": "400004",
        "skuType": 1,
        "goodsId": "PayGiftPack_400004",
        "skuName": "稀有礼包",
        "amount": 8800,
        "currency": "CNY",
        "gameCoins": 0
    },
    {
        "skuCode": "400005",
        "skuType": 1,
        "goodsId": "PayGiftPack_400005",
        "skuName": "折扣礼包",
        "amount": 15800,
        "currency": "CNY",
        "gameCoins": 0
    },
    {
        "skuCode": "400002",
        "skuType": 1,
        "goodsId": "PayGiftPack_400002",
        "skuName": "优惠礼包",
        "amount": 12800,
        "currency": "CNY",
        "gameCoins": 0
    },
    {
        "skuCode": "400003",
        "skuType": 1,
        "goodsId": "PayGiftPack_400003",
        "skuName": "特惠礼包",
        "amount": 10800,
        "currency": "CNY",
        "gameCoins": 0
    },
    {
        "skuCode": "400001",
        "skuType": 1,
        "goodsId": "PayGiftPack_400001",
        "skuName": "7天支援燃料包",
        "amount": 1800,
        "currency": "CNY",
        "gameCoins": 0
    },
    {
        "skuCode": "400008",
        "skuType": 1,
        "goodsId": "PayItem_6",
        "skuName": "6元付费项",
        "amount": 600,
        "currency": "CNY",
        "gameCoins": 0
    },
    {
        "skuCode": "400009",
        "skuType": 1,
        "goodsId": "PayItem_12",
        "skuName": "12元付费项",
        "amount": 1200,
        "currency": "CNY",
        "gameCoins": 0
    },
    {
        "skuCode": "400006",
        "skuType": 1,
        "goodsId": "PayGiftPack_400006",
        "skuName": "促销礼包",
        "amount": 13800,
        "currency": "CNY",
        "gameCoins": 0
    },
    {
        "skuCode": "400007",
        "skuType": 1,
        "goodsId": "PayGiftPack_400007",
        "skuName": "超值礼包",
        "amount": 11800,
        "currency": "CNY",
        "gameCoins": 0
    },
    {
        "skuCode": "300002",
        "skuType": 1,
        "goodsId": "PayImagePack_300002",
        "skuName": "插图礼包",
        "amount": 13800,
        "currency": "CNY",
        "gameCoins": 0
    },
    {
        "skuCode": "300001",
        "skuType": 1,
        "goodsId": "PayImagePack_300001",
        "skuName": "插图礼包",
        "amount": 15800,
        "currency": "CNY",
        "gameCoins": 0
    },
    {
        "skuCode": "300003",
        "skuType": 1,
        "goodsId": "PayImagePack_300003",
        "skuName": "插图礼包",
        "amount": 11800,
        "currency": "CNY",
        "gameCoins": 0
    },
    {
        "skuCode": "400015",
        "skuType": 1,
        "goodsId": "PayItem_108",
        "skuName": "108元付费项",
        "amount": 10800,
        "currency": "CNY",
        "gameCoins": 0
    },
    {
        "skuCode": "400016",
        "skuType": 1,
        "goodsId": "PayItem_128",
        "skuName": "128元付费项",
        "amount": 12800,
        "currency": "CNY",
        "gameCoins": 0
    },
    {
        "skuCode": "400013",
        "skuType": 1,
        "goodsId": "PayItem_68",
        "skuName": "68元付费项",
        "amount": 6800,
        "currency": "CNY",
        "gameCoins": 0
    },
    {
        "skuCode": "400014",
        "skuType": 1,
        "goodsId": "PayItem_98",
        "skuName": "98元付费项",
        "amount": 9800,
        "currency": "CNY",
        "gameCoins": 0
    },
    {
        "skuCode": "400011",
        "skuType": 1,
        "goodsId": "PayItem_30",
        "skuName": "30元付费项",
        "amount": 3000,
        "currency": "CNY",
        "gameCoins": 0
    },
    {
        "skuCode": "400012",
        "skuType": 1,
        "goodsId": "PayItem_45",
        "skuName": "45元付费项",
        "amount": 4500,
        "currency": "CNY",
        "gameCoins": 0
    },
    {
        "skuCode": "400010",
        "skuType": 1,
        "goodsId": "PayItem_18",
        "skuName": "18元付费项",
        "amount": 1800,
        "currency": "CNY",
        "gameCoins": 0
    },
    {
        "skuCode": "400019",
        "skuType": 1,
        "goodsId": "PayItem_248",
        "skuName": "248元付费项",
        "amount": 24800,
        "currency": "CNY",
        "gameCoins": 0
    },
    {
        "skuCode": "400017",
        "skuType": 1,
        "goodsId": "PayItem_168",
        "skuName": "168元付费项",
        "amount": 16800,
        "currency": "CNY",
        "gameCoins": 0
    },
    {
        "skuCode": "400018",
        "skuType": 1,
        "goodsId": "PayItem_198",
        "skuName": "198元付费项",
        "amount": 19800,
        "currency": "CNY",
        "gameCoins": 0
    },
    {
        "skuCode": "12003",
        "skuType": 1,
        "goodsId": "PayItem_68",
        "skuName": "复归燃料礼包",
        "amount": 6800,
        "currency": "CNY",
        "gameCoins": 0
    },
    {
        "skuCode": "12001",
        "skuType": 1,
        "goodsId": "PayItem_6",
        "skuName": "复归基础礼包",
        "amount": 600,
        "currency": "CNY",
        "gameCoins": 0
    },
    {
        "skuCode": "12002",
        "skuType": 1,
        "goodsId": "PayItem_30",
        "skuName": "复归进阶礼包",
        "amount": 3000,
        "currency": "CNY",
        "gameCoins": 0
    },
    {
        "skuCode": "12009",
        "skuType": 1,
        "goodsId": "PayItem_128",
        "skuName": "复归材料礼包",
        "amount": 12800,
        "currency": "CNY",
        "gameCoins": 0
    },
    {
        "skuCode": "12007",
        "skuType": 1,
        "goodsId": "PayItem_68",
        "skuName": "复归芯片礼包",
        "amount": 6800,
        "currency": "CNY",
        "gameCoins": 0
    },
    {
        "skuCode": "12016",
        "skuType": 1,
        "goodsId": "PayItem_68",
        "skuName": "复归进阶燃料礼包",
        "amount": 6800,
        "currency": "CNY",
        "gameCoins": 0
    },
    {
        "skuCode": "12017",
        "skuType": 1,
        "goodsId": "PayItem_68",
        "skuName": "复归材料礼包",
        "amount": 6800,
        "currency": "CNY",
        "gameCoins": 0
    },
    {
        "skuCode": "12014",
        "skuType": 1,
        "goodsId": "PayItem_45",
        "skuName": "复归五日构建礼包",
        "amount": 4500,
        "currency": "CNY",
        "gameCoins": 0
    },
    {
        "skuCode": "12015",
        "skuType": 1,
        "goodsId": "PayItem_30",
        "skuName": "复归燃料礼包",
        "amount": 3000,
        "currency": "CNY",
        "gameCoins": 0
    },
    {
        "skuCode": "12012",
        "skuType": 1,
        "goodsId": "PayItem_30",
        "skuName": "复归助力构建礼包",
        "amount": 3000,
        "currency": "CNY",
        "gameCoins": 0
    },
    {
        "skuCode": "12013",
        "skuType": 1,
        "goodsId": "PayItem_68",
        "skuName": "复归进阶构建礼包",
        "amount": 6800,
        "currency": "CNY",
        "gameCoins": 0
    },
    {
        "skuCode": "12011",
        "skuType": 1,
        "goodsId": "PayItem_6",
        "skuName": "复归基础礼包",
        "amount": 600,
        "currency": "CNY",
        "gameCoins": 0
    },
    {
        "skuCode": "50096",
        "skuType": 1,
        "goodsId": "PayItem_108",
        "skuName": "灼碧直购皮肤",
        "amount": 10800,
        "currency": "CNY",
        "gameCoins": 0
    },
    {
        "skuCode": "50095",
        "skuType": 1,
        "goodsId": "PayItem_108",
        "skuName": "拉直购皮肤",
        "amount": 10800,
        "currency": "CNY",
        "gameCoins": 0
    },
    {
        "skuCode": "50092",
        "skuType": 1,
        "goodsId": "PayItem_108",
        "skuName": "荧直购皮肤",
        "amount": 10800,
        "currency": "CNY",
        "gameCoins": 0
    },
    {
        "skuCode": "31101",
        "skuType": 1,
        "goodsId": "PayItem_12",
        "skuName": "衣惠有礼",
        "amount": 1200,
        "currency": "CNY",
        "gameCoins": 0
    },
    {
        "skuCode": "31102",
        "skuType": 1,
        "goodsId": "PayItem_12",
        "skuName": "衣惠有礼",
        "amount": 1200,
        "currency": "CNY",
        "gameCoins": 0
    },
    {
        "skuCode": "50089",
        "skuType": 1,
        "goodsId": "PayItem_108",
        "skuName": "夜暝直购皮肤",
        "amount": 10800,
        "currency": "CNY",
        "gameCoins": 0
    },
    {
        "skuCode": "50088",
        "skuType": 1,
        "goodsId": "PayItem_108",
        "skuName": "朝晖直购皮肤",
        "amount": 10800,
        "currency": "CNY",
        "gameCoins": 0
    },
    {
        "skuCode": "50083",
        "skuType": 1,
        "goodsId": "PayItem_108",
        "skuName": "鸣刃直购皮肤",
        "amount": 10800,
        "currency": "CNY",
        "gameCoins": 0
    },
    {
        "skuCode": "30001",
        "skuType": 1,
        "goodsId": "PayMonthlyCard_30001",
        "skuName": "星贸凭证",
        "amount": 3000,
        "currency": "CNY",
        "gameCoins": 0
    },
    {
        "skuCode": "30027",
        "skuType": 1,
        "goodsId": "PayGiftPack_30027",
        "skuName": "每周星币礼包",
        "amount": 6800,
        "currency": "CNY",
        "gameCoins": 0
    },
    {
        "skuCode": "30028",
        "skuType": 1,
        "goodsId": "PayGiftPack_30028",
        "skuName": "5星自选芯片周礼包",
        "amount": 9800,
        "currency": "CNY",
        "gameCoins": 0
    },
    {
        "skuCode": "30025",
        "skuType": 1,
        "goodsId": "PayGiftPack_30025",
        "skuName": "每周燃料大礼包",
        "amount": 6800,
        "currency": "CNY",
        "gameCoins": 0
    },
    {
        "skuCode": "30026",
        "skuType": 1,
        "goodsId": "PayGiftPack_30026",
        "skuName": "每周经验礼包",
        "amount": 6800,
        "currency": "CNY",
        "gameCoins": 0
    },
    {
        "skuCode": "30029",
        "skuType": 1,
        "goodsId": "PayGiftPack_30029",
        "skuName": "三阶跃升周礼包",
        "amount": 9800,
        "currency": "CNY",
        "gameCoins": 0
    },
    {
        "skuCode": "30030",
        "skuType": 1,
        "goodsId": "PayGiftPack_30030",
        "skuName": "技能升级周礼包",
        "amount": 12800,
        "currency": "CNY",
        "gameCoins": 0
    },
    {
        "skuCode": "30031",
        "skuType": 1,
        "goodsId": "PayGiftPack_30031",
        "skuName": "四阶跃升周礼包",
        "amount": 32800,
        "currency": "CNY",
        "gameCoins": 0
    },
    {
        "skuCode": "30034",
        "skuType": 1,
        "goodsId": "PayItem_108",
        "skuName": "龙弦的ASMR",
        "amount": 10800,
        "currency": "CNY",
        "gameCoins": 0
    },
    {
        "skuCode": "30032",
        "skuType": 1,
        "goodsId": "PayGiftPack_30032",
        "skuName": "每月构建包",
        "amount": 16800,
        "currency": "CNY",
        "gameCoins": 0
    },
    {
        "skuCode": "30033",
        "skuType": 1,
        "goodsId": "PayGiftPack_30033",
        "skuName": "预约礼包",
        "amount": 0,
        "currency": "CNY",
        "gameCoins": 0
    },
    {
        "skuCode": "30016",
        "skuType": 1,
        "goodsId": "PayGiftPack_30016",
        "skuName": "新手构建包",
        "amount": 600,
        "currency": "CNY",
        "gameCoins": 0
    },
    {
        "skuCode": "30017",
        "skuType": 1,
        "goodsId": "PayGiftPack_30017",
        "skuName": "基建素材礼包",
        "amount": 3000,
        "currency": "CNY",
        "gameCoins": 0
    },
    {
        "skuCode": "31103",
        "skuType": 1,
        "goodsId": "PayItem_12",
        "skuName": "衣惠有礼",
        "amount": 1200,
        "currency": "CNY",
        "gameCoins": 0
    },
    {
        "skuCode": "30015",
        "skuType": 1,
        "goodsId": "PayGiftPack_30015",
        "skuName": "新手礼包",
        "amount": 600,
        "currency": "CNY",
        "gameCoins": 0
    },
    {
        "skuCode": "30018",
        "skuType": 1,
        "goodsId": "PayGiftPack_30018",
        "skuName": "自选跃升素材包",
        "amount": 6000,
        "currency": "CNY",
        "gameCoins": 0
    },
    {
        "skuCode": "30019",
        "skuType": 1,
        "goodsId": "PayGiftPack_30019",
        "skuName": "新手家具礼包",
        "amount": 6800,
        "currency": "CNY",
        "gameCoins": 0
    },
    {
        "skuCode": "330002",
        "skuType": 1,
        "goodsId": "PayImagePack_330002",
        "skuName": "促销插图礼包",
        "amount": 6900,
        "currency": "CNY",
        "gameCoins": 0
    },
    {
        "skuCode": "330003",
        "skuType": 1,
        "goodsId": "PayImagePack_330003",
        "skuName": "促销插图礼包",
        "amount": 5900,
        "currency": "CNY",
        "gameCoins": 0
    },
    {
        "skuCode": "30020",
        "skuType": 1,
        "goodsId": "PayGiftPack_30020",
        "skuName": "新手构建优惠包",
        "amount": 6800,
        "currency": "CNY",
        "gameCoins": 0
    },
    {
        "skuCode": "330001",
        "skuType": 1,
        "goodsId": "PayImagePack_330001",
        "skuName": "促销插图礼包",
        "amount": 7900,
        "currency": "CNY",
        "gameCoins": 0
    },
    {
        "skuCode": "30023",
        "skuType": 1,
        "goodsId": "PayGiftPack_30023",
        "skuName": "自选角色包",
        "amount": 24800,
        "currency": "CNY",
        "gameCoins": 0
    },
    {
        "skuCode": "30024",
        "skuType": 1,
        "goodsId": "PayGiftPack_30024",
        "skuName": "混合抽卡包",
        "amount": 32800,
        "currency": "CNY",
        "gameCoins": 0
    },
    {
        "skuCode": "30021",
        "skuType": 1,
        "goodsId": "PayGiftPack_30021",
        "skuName": "首轮特价构建包",
        "amount": 11800,
        "currency": "CNY",
        "gameCoins": 0
    },
    {
        "skuCode": "30022",
        "skuType": 1,
        "goodsId": "PayGiftPack_30022",
        "skuName": "复合构建包",
        "amount": 16800,
        "currency": "CNY",
        "gameCoins": 0
    },
    {
        "skuCode": "320003",
        "skuType": 1,
        "goodsId": "PayImagePack_320003",
        "skuName": "特惠插图礼包",
        "amount": 9400,
        "currency": "CNY",
        "gameCoins": 0
    },
    {
        "skuCode": "320001",
        "skuType": 1,
        "goodsId": "PayImagePack_320001",
        "skuName": "特惠插图礼包",
        "amount": 12600,
        "currency": "CNY",
        "gameCoins": 0
    },
    {
        "skuCode": "320002",
        "skuType": 1,
        "goodsId": "PayImagePack_320002",
        "skuName": "特惠插图礼包",
        "amount": 11000,
        "currency": "CNY",
        "gameCoins": 0
    },
    {
        "skuCode": "30036",
        "skuType": 1,
        "goodsId": "PayItem_126",
        "skuName": "洛贝拉的ASMR",
        "amount": 12600,
        "currency": "CNY",
        "gameCoins": 0
    },
    {
        "skuCode": "1100103",
        "skuType": 1,
        "goodsId": "PayItem_90",
        "skuName": "特典三",
        "amount": 9000,
        "currency": "CNY",
        "gameCoins": 0
    },
    {
        "skuCode": "1100104",
        "skuType": 1,
        "goodsId": "PayItem_168",
        "skuName": "特典四",
        "amount": 16800,
        "currency": "CNY",
        "gameCoins": 0
    },
    {
        "skuCode": "1100101",
        "skuType": 1,
        "goodsId": "PayItem_30",
        "skuName": "特典一",
        "amount": 3000,
        "currency": "CNY",
        "gameCoins": 0
    },
    {
        "skuCode": "1100102",
        "skuType": 1,
        "goodsId": "PayGiftPack_30018",
        "skuName": "特典二",
        "amount": 6000,
        "currency": "CNY",
        "gameCoins": 0
    },
    {
        "skuCode": "32009",
        "skuType": 1,
        "goodsId": "PayRecharge_40002",
        "skuName": "增额寻赏",
        "amount": 3000,
        "currency": "CNY",
        "gameCoins": 0
    },
    {
        "skuCode": "31611",
        "skuType": 1,
        "goodsId": "PayItem_98",
        "skuName": "5星自选芯片周礼包",
        "amount": 9800,
        "currency": "CNY",
        "gameCoins": 0
    },
    {
        "skuCode": "50132",
        "skuType": 1,
        "goodsId": "PayItem_108",
        "skuName": "魁纣【晨间工作】",
        "amount": 10800,
        "currency": "CNY",
        "gameCoins": 0
    },
    {
        "skuCode": "31612",
        "skuType": 1,
        "goodsId": "PayItem_168",
        "skuName": "芯片卓越周礼包",
        "amount": 16800,
        "currency": "CNY",
        "gameCoins": 0
    },
    {
        "skuCode": "31610",
        "skuType": 1,
        "goodsId": "PayItem_98",
        "skuName": "超值构建礼包",
        "amount": 9800,
        "currency": "CNY",
        "gameCoins": 0
    },
    {
        "skuCode": "31615",
        "skuType": 1,
        "goodsId": "PayItem_168",
        "skuName": "每周天赋礼包",
        "amount": 16800,
        "currency": "CNY",
        "gameCoins": 0
    },
    {
        "skuCode": "31616",
        "skuType": 1,
        "goodsId": "PayItem_168",
        "skuName": "精选构建礼包",
        "amount": 16800,
        "currency": "CNY",
        "gameCoins": 0
    },
    {
        "skuCode": "31613",
        "skuType": 1,
        "goodsId": "PayItem_168",
        "skuName": "每周技能超越包",
        "amount": 16800,
        "currency": "CNY",
        "gameCoins": 0
    },
    {
        "skuCode": "31614",
        "skuType": 1,
        "goodsId": "PayItem_168",
        "skuName": "每周跃迁礼包",
        "amount": 16800,
        "currency": "CNY",
        "gameCoins": 0
    },
    {
        "skuCode": "31617",
        "skuType": 1,
        "goodsId": "PayItem_328",
        "skuName": "每周高级养成包",
        "amount": 32800,
        "currency": "CNY",
        "gameCoins": 0
    },
    {
        "skuCode": "31618",
        "skuType": 1,
        "goodsId": "PayItem_168",
        "skuName": "每周粲晶特配",
        "amount": 16800,
        "currency": "CNY",
        "gameCoins": 0
    },
    {
        "skuCode": "50126",
        "skuType": 1,
        "goodsId": "PayItem_108",
        "skuName": "阿图姆【盛放年华】",
        "amount": 10800,
        "currency": "CNY",
        "gameCoins": 0
    },
    {
        "skuCode": "50122",
        "skuType": 1,
        "goodsId": "PayItem_108",
        "skuName": "昆仑·不朽【击球特训】",
        "amount": 10800,
        "currency": "CNY",
        "gameCoins": 0
    },
    {
        "skuCode": "50121",
        "skuType": 1,
        "goodsId": "PayItem_108",
        "skuName": "赤溟【翻转课堂】",
        "amount": 10800,
        "currency": "CNY",
        "gameCoins": 0
    },
    {
        "skuCode": "31601",
        "skuType": 1,
        "goodsId": "PayItem_45",
        "skuName": "每周构建补给包",
        "amount": 4500,
        "currency": "CNY",
        "gameCoins": 0
    },
    {
        "skuCode": "31604",
        "skuType": 1,
        "goodsId": "PayGiftPack_31604",
        "skuName": "每周技能成长包",
        "amount": 4800,
        "currency": "CNY",
        "gameCoins": 0
    },
    {
        "skuCode": "31605",
        "skuType": 1,
        "goodsId": "PayItem_68",
        "skuName": "每周星币礼包",
        "amount": 6800,
        "currency": "CNY",
        "gameCoins": 0
    },
    {
        "skuCode": "31602",
        "skuType": 1,
        "goodsId": "PayItem_68",
        "skuName": "每周燃料大礼包",
        "amount": 6800,
        "currency": "CNY",
        "gameCoins": 0
    },
    {
        "skuCode": "31603",
        "skuType": 1,
        "goodsId": "PayGiftPack_31603",
        "skuName": "跃升周礼包",
        "amount": 4800,
        "currency": "CNY",
        "gameCoins": 0
    },
    {
        "skuCode": "31608",
        "skuType": 1,
        "goodsId": "PayItem_98",
        "skuName": "每周技能提升包",
        "amount": 9800,
        "currency": "CNY",
        "gameCoins": 0
    },
    {
        "skuCode": "31609",
        "skuType": 1,
        "goodsId": "PayItem_98",
        "skuName": "特惠跃升意向包",
        "amount": 9800,
        "currency": "CNY",
        "gameCoins": 0
    },
    {
        "skuCode": "31606",
        "skuType": 1,
        "goodsId": "PayItem_68",
        "skuName": "每周经验礼包",
        "amount": 6800,
        "currency": "CNY",
        "gameCoins": 0
    },
    {
        "skuCode": "31607",
        "skuType": 1,
        "goodsId": "PayItem_98",
        "skuName": "芯片进阶周礼包",
        "amount": 9800,
        "currency": "CNY",
        "gameCoins": 0
    },
    {
        "skuCode": "50119",
        "skuType": 1,
        "goodsId": "PayItem_108",
        "skuName": "伏特加·镜【闪耀烈饮】",
        "amount": 10800,
        "currency": "CNY",
        "gameCoins": 0
    },
    {
        "skuCode": "50118",
        "skuType": 1,
        "goodsId": "PayItem_108",
        "skuName": "提泽纳【柔情海浪】",
        "amount": 10800,
        "currency": "CNY",
        "gameCoins": 0
    },
    {
        "skuCode": "202400101",
        "skuType": 1,
        "goodsId": "PayItem_108",
        "skuName": "乌琳【片刻歇息】",
        "amount": 10800,
        "currency": "CNY",
        "gameCoins": 0
    },
    {
        "skuCode": "50152",
        "skuType": 1,
        "goodsId": "PayItem_168",
        "skuName": "赫格尼【赤诚之礼】",
        "amount": 16800,
        "currency": "CNY",
        "gameCoins": 0
    },
    {
        "skuCode": "50147",
        "skuType": 1,
        "goodsId": "PayItem_116",
        "skuName": "炙夏【特邀大使】",
        "amount": 11600,
        "currency": "CNY",
        "gameCoins": 0
    },
    {
        "skuCode": "50145",
        "skuType": 1,
        "goodsId": "PayItem_116",
        "skuName": "伊根·灭刃【定期维护】",
        "amount": 11600,
        "currency": "CNY",
        "gameCoins": 0
    },
    {
        "skuCode": "50137",
        "skuType": 1,
        "goodsId": "PayItem_108",
        "skuName": "旋律【触诊游戏】",
        "amount": 10800,
        "currency": "CNY",
        "gameCoins": 0
    },
    {
        "skuCode": "50134",
        "skuType": 1,
        "goodsId": "PayItem_108",
        "skuName": "岚【共醉时刻】",
        "amount": 10800,
        "currency": "CNY",
        "gameCoins": 0
    },
    {
        "skuCode": "31655",
        "skuType": 1,
        "goodsId": "PayItem_248",
        "skuName": "每月天赋礼包",
        "amount": 24800,
        "currency": "CNY",
        "gameCoins": 0
    },
    {
        "skuCode": "31656",
        "skuType": 1,
        "goodsId": "PayItem_328",
        "skuName": "每月芯片礼包",
        "amount": 32800,
        "currency": "CNY",
        "gameCoins": 0
    },
    {
        "skuCode": "31653",
        "skuType": 1,
        "goodsId": "PayItem_248",
        "skuName": "技能特训培养包",
        "amount": 24800,
        "currency": "CNY",
        "gameCoins": 0
    },
    {
        "skuCode": "31654",
        "skuType": 1,
        "goodsId": "PayItem_248",
        "skuName": "每月跃迁礼包",
        "amount": 24800,
        "currency": "CNY",
        "gameCoins": 0
    },
    {
        "skuCode": "31659",
        "skuType": 1,
        "goodsId": "PayItem_648",
        "skuName": "每月创生微粒组合包",
        "amount": 64800,
        "currency": "CNY",
        "gameCoins": 0
    },
    {
        "skuCode": "31657",
        "skuType": 1,
        "goodsId": "PayItem_328",
        "skuName": "每月构建礼包",
        "amount": 32800,
        "currency": "CNY",
        "gameCoins": 0
    },
    {
        "skuCode": "31658",
        "skuType": 1,
        "goodsId": "PayItem_268",
        "skuName": "每月创生微粒限配包",
        "amount": 26800,
        "currency": "CNY",
        "gameCoins": 0
    },
    {
        "skuCode": "50163",
        "skuType": 1,
        "goodsId": "PayItem_116",
        "skuName": "赤夕【深宅简居】",
        "amount": 11600,
        "currency": "CNY",
        "gameCoins": 0
    },
    {
        "skuCode": "50160",
        "skuType": 1,
        "goodsId": "PayItem_108",
        "skuName": "龙弦【管道丽影】",
        "amount": 10800,
        "currency": "CNY",
        "gameCoins": 0
    },
    {
        "skuCode": "31651",
        "skuType": 1,
        "goodsId": "PayItem_68",
        "skuName": "每月抽卡礼包",
        "amount": 6800,
        "currency": "CNY",
        "gameCoins": 0
    },
    {
        "skuCode": "50157",
        "skuType": 1,
        "goodsId": "PayItem_108",
        "skuName": "刃齿【夜伴潜行】",
        "amount": 10800,
        "currency": "CNY",
        "gameCoins": 0
    },
    {
        "skuCode": "31652",
        "skuType": 1,
        "goodsId": "PayGiftPack_31652",
        "skuName": "每月燃料精选包",
        "amount": 5800,
        "currency": "CNY",
        "gameCoins": 0
    },
    {
        "skuCode": "31684",
        "skuType": 1,
        "goodsId": "PayGiftPack_30018",
        "skuName": "自选跃升素材包",
        "amount": 6000,
        "currency": "CNY",
        "gameCoins": 0
    },
    {
        "skuCode": "31685",
        "skuType": 1,
        "goodsId": "PayGiftPack_30021",
        "skuName": "首轮特价构建包",
        "amount": 11800,
        "currency": "CNY",
        "gameCoins": 0
    },
    {
        "skuCode": "31683",
        "skuType": 1,
        "goodsId": "PayGiftPack_30017",
        "skuName": "基建素材礼包",
        "amount": 3000,
        "currency": "CNY",
        "gameCoins": 0
    },
    {
        "skuCode": "12018",
        "skuType": 1,
        "goodsId": "PayItem_68",
        "skuName": "复归芯片礼包",
        "amount": 6800,
        "currency": "CNY",
        "gameCoins": 0
    },
    {
        "skuCode": "12019",
        "skuType": 1,
        "goodsId": "PayItem_68",
        "skuName": "复归R5芯片自选礼包",
        "amount": 6800,
        "currency": "CNY",
        "gameCoins": 0
    },
    {
        "skuCode": "12020",
        "skuType": 1,
        "goodsId": "PayItem_68",
        "skuName": "复归技能升级礼包",
        "amount": 6800,
        "currency": "CNY",
        "gameCoins": 0
    },
    {
        "skuCode": "12021",
        "skuType": 1,
        "goodsId": "PayItem_168",
        "skuName": "复归中级构建礼包",
        "amount": 16800,
        "currency": "CNY",
        "gameCoins": 0
    },
    {
        "skuCode": "12022",
        "skuType": 1,
        "goodsId": "PayItem_328",
        "skuName": "复归高级构建礼包",
        "amount": 32800,
        "currency": "CNY",
        "gameCoins": 0
    },
    {
        "skuCode": "210015",
        "skuType": 1,
        "goodsId": "PayGiftPack_210015",
        "skuName": "特惠礼包M",
        "amount": 32800,
        "currency": "CNY",
        "gameCoins": 0
    },
    {
        "skuCode": "210014",
        "skuType": 1,
        "goodsId": "PayGiftPack_210014",
        "skuName": "特惠礼包L",
        "amount": 22800,
        "currency": "CNY",
        "gameCoins": 0
    },
    {
        "skuCode": "210013",
        "skuType": 1,
        "goodsId": "PayGiftPack_210013",
        "skuName": "特惠礼包K",
        "amount": 12800,
        "currency": "CNY",
        "gameCoins": 0
    },
    {
        "skuCode": "210012",
        "skuType": 1,
        "goodsId": "PayGiftPack_210012",
        "skuName": "特惠礼包J",
        "amount": 10800,
        "currency": "CNY",
        "gameCoins": 0
    },
    {
        "skuCode": "210011",
        "skuType": 1,
        "goodsId": "PayGiftPack_210011",
        "skuName": "特惠礼包I",
        "amount": 9800,
        "currency": "CNY",
        "gameCoins": 0
    },
    {
        "skuCode": "210010",
        "skuType": 1,
        "goodsId": "PayGiftPack_210010",
        "skuName": "特惠礼包H",
        "amount": 8800,
        "currency": "CNY",
        "gameCoins": 0
    },
    {
        "skuCode": "50104",
        "skuType": 1,
        "goodsId": "PayItem_108",
        "skuName": "CCC直购皮肤",
        "amount": 10800,
        "currency": "CNY",
        "gameCoins": 0
    },
    {
        "skuCode": "210006",
        "skuType": 1,
        "goodsId": "PayGiftPack_210006",
        "skuName": "特惠礼包D",
        "amount": 4800,
        "currency": "CNY",
        "gameCoins": 0
    },
    {
        "skuCode": "210005",
        "skuType": 1,
        "goodsId": "PayGiftPack_210005",
        "skuName": "特惠礼包C",
        "amount": 3800,
        "currency": "CNY",
        "gameCoins": 0
    },
    {
        "skuCode": "210004",
        "skuType": 1,
        "goodsId": "PayGiftPack_210004",
        "skuName": "特惠礼包B",
        "amount": 2800,
        "currency": "CNY",
        "gameCoins": 0
    },
    {
        "skuCode": "210003",
        "skuType": 1,
        "goodsId": "PayGiftPack_210003",
        "skuName": "特惠礼包A",
        "amount": 1800,
        "currency": "CNY",
        "gameCoins": 0
    },
    {
        "skuCode": "210009",
        "skuType": 1,
        "goodsId": "PayGiftPack_210009",
        "skuName": "特惠礼包G",
        "amount": 7800,
        "currency": "CNY",
        "gameCoins": 0
    },
    {
        "skuCode": "210008",
        "skuType": 1,
        "goodsId": "PayGiftPack_210008",
        "skuName": "特惠礼包F",
        "amount": 6800,
        "currency": "CNY",
        "gameCoins": 0
    },
    {
        "skuCode": "210007",
        "skuType": 1,
        "goodsId": "PayGiftPack_210007",
        "skuName": "特惠礼包E",
        "amount": 5800,
        "currency": "CNY",
        "gameCoins": 0
    },
    {
        "skuCode": "210002",
        "skuType": 1,
        "goodsId": "PayGiftPack_210002",
        "skuName": "特惠礼包",
        "amount": 1000,
        "currency": "CNY",
        "gameCoins": 0
    },
    {
        "skuCode": "210001",
        "skuType": 1,
        "goodsId": "PayGiftPack_210001",
        "skuName": "1元礼包",
        "amount": 1,
        "currency": "CNY",
        "gameCoins": 0
    },
    {
        "skuCode": "31060",
        "skuType": 1,
        "goodsId": "PayItem_68",
        "skuName": "幸运扭蛋惊喜包",
        "amount": 6800,
        "currency": "CNY",
        "gameCoins": 0
    },
    {
        "skuCode": "31061",
        "skuType": 1,
        "goodsId": "PayItem_10",
        "skuName": "幸运扭蛋币",
        "amount": 1000,
        "currency": "CNY",
        "gameCoins": 0
    },
    {
        "skuCode": "31064",
        "skuType": 1,
        "goodsId": "PayItem_10",
        "skuName": "重构凝剂特配包",
        "amount": 1000,
        "currency": "CNY",
        "gameCoins": 0
    },
    {
        "skuCode": "31065",
        "skuType": 1,
        "goodsId": "PayItem_25",
        "skuName": "导向核心特配包",
        "amount": 2500,
        "currency": "CNY",
        "gameCoins": 0
    },
    {
        "skuCode": "31062",
        "skuType": 1,
        "goodsId": "PayItem_68",
        "skuName": "重构凝剂限购包",
        "amount": 6800,
        "currency": "CNY",
        "gameCoins": 0
    },
    {
        "skuCode": "31063",
        "skuType": 1,
        "goodsId": "PayItem_168",
        "skuName": "导向核心限购包",
        "amount": 16800,
        "currency": "CNY",
        "gameCoins": 0
    },
    {
        "skuCode": "31066",
        "skuType": 1,
        "goodsId": "PayItem_68",
        "skuName": "限定扭蛋优惠包",
        "amount": 6800,
        "currency": "CNY",
        "gameCoins": 0
    },
    {
        "skuCode": "31067",
        "skuType": 1,
        "goodsId": "PayItem_10",
        "skuName": "限定扭蛋币",
        "amount": 1000,
        "currency": "CNY",
        "gameCoins": 0
    },
    {
        "skuCode": "31048",
        "skuType": 1,
        "goodsId": "PayItem_68",
        "skuName": "粲晶支援包II",
        "amount": 6800,
        "currency": "CNY",
        "gameCoins": 0
    },
    {
        "skuCode": "31050",
        "skuType": 1,
        "goodsId": "PayItem_98",
        "skuName": "5星痛击芯片自选包",
        "amount": 9800,
        "currency": "CNY",
        "gameCoins": 0
    },
    {
        "skuCode": "31082",
        "skuType": 1,
        "goodsId": "PayItem_30",
        "skuName": "庆典礼包",
        "amount": 3000,
        "currency": "CNY",
        "gameCoins": 0
    },
    {
        "skuCode": "31083",
        "skuType": 1,
        "goodsId": "PayItem_248",
        "skuName": "时装礼盒Ⅶ",
        "amount": 24800,
        "currency": "CNY",
        "gameCoins": 0
    },
    {
        "skuCode": "31080",
        "skuType": 1,
        "goodsId": "PayItem_168",
        "skuName": "中级燃料礼包",
        "amount": 16800,
        "currency": "CNY",
        "gameCoins": 0
    },
    {
        "skuCode": "31081",
        "skuType": 1,
        "goodsId": "PayItem_18",
        "skuName": "每日优惠包",
        "amount": 1800,
        "currency": "CNY",
        "gameCoins": 0
    },
    {
        "skuCode": "31086",
        "skuType": 1,
        "goodsId": "PayItem_248",
        "skuName": "时装礼盒Ⅹ",
        "amount": 24800,
        "currency": "CNY",
        "gameCoins": 0
    },
    {
        "skuCode": "31087",
        "skuType": 1,
        "goodsId": "PayItem_248",
        "skuName": "节日自选角色包",
        "amount": 24800,
        "currency": "CNY",
        "gameCoins": 0
    },
    {
        "skuCode": "31084",
        "skuType": 1,
        "goodsId": "PayItem_248",
        "skuName": "时装礼盒Ⅷ",
        "amount": 24800,
        "currency": "CNY",
        "gameCoins": 0
    },
    {
        "skuCode": "31085",
        "skuType": 1,
        "goodsId": "PayItem_248",
        "skuName": "时装礼盒Ⅸ",
        "amount": 24800,
        "currency": "CNY",
        "gameCoins": 0
    },
    {
        "skuCode": "31088",
        "skuType": 1,
        "goodsId": "PayItem_4",
        "skuName": "创生微粒特配包",
        "amount": 400,
        "currency": "CNY",
        "gameCoins": 0
    },
    {
        "skuCode": "31071",
        "skuType": 1,
        "goodsId": "PayItem_248",
        "skuName": "时装礼盒Ⅱ",
        "amount": 24800,
        "currency": "CNY",
        "gameCoins": 0
    },
    {
        "skuCode": "31072",
        "skuType": 1,
        "goodsId": "PayItem_198",
        "skuName": "时装礼盒Ⅲ",
        "amount": 19800,
        "currency": "CNY",
        "gameCoins": 0
    },
    {
        "skuCode": "31070",
        "skuType": 1,
        "goodsId": "PayItem_198",
        "skuName": "时装礼盒Ⅰ",
        "amount": 19800,
        "currency": "CNY",
        "gameCoins": 0
    },
    {
        "skuCode": "31075",
        "skuType": 1,
        "goodsId": "PayItem_198",
        "skuName": "时装礼盒Ⅵ",
        "amount": 19800,
        "currency": "CNY",
        "gameCoins": 0
    },
    {
        "skuCode": "31076",
        "skuType": 1,
        "goodsId": "PayItem_248",
        "skuName": "节日自选角色包",
        "amount": 24800,
        "currency": "CNY",
        "gameCoins": 0
    },
    {
        "skuCode": "31073",
        "skuType": 1,
        "goodsId": "PayItem_198",
        "skuName": "时装礼盒Ⅳ",
        "amount": 19800,
        "currency": "CNY",
        "gameCoins": 0
    },
    {
        "skuCode": "31074",
        "skuType": 1,
        "goodsId": "PayItem_198",
        "skuName": "时装礼盒Ⅴ",
        "amount": 19800,
        "currency": "CNY",
        "gameCoins": 0
    },
    {
        "skuCode": "31079",
        "skuType": 1,
        "goodsId": "PayItem_98",
        "skuName": "节日构建整备组",
        "amount": 9800,
        "currency": "CNY",
        "gameCoins": 0
    },
    {
        "skuCode": "31077",
        "skuType": 1,
        "goodsId": "PayItem_18",
        "skuName": "粲晶助力礼包I",
        "amount": 1800,
        "currency": "CNY",
        "gameCoins": 0
    },
    {
        "skuCode": "31078",
        "skuType": 1,
        "goodsId": "PayGiftPack_31078",
        "skuName": "粲晶助力礼包II",
        "amount": 4800,
        "currency": "CNY",
        "gameCoins": 0
    },
    {
        "skuCode": "31686",
        "skuType": 1,
        "goodsId": "PayItem_168",
        "skuName": "复合构建包",
        "amount": 16800,
        "currency": "CNY",
        "gameCoins": 0
    },
    {
        "skuCode": "31687",
        "skuType": 1,
        "goodsId": "PayItem_328",
        "skuName": "卓越构建礼包",
        "amount": 32800,
        "currency": "CNY",
        "gameCoins": 0
    },
    {
        "skuCode": "31002",
        "skuType": 1,
        "goodsId": "PayPassportB_31002",
        "skuName": "机密勘探",
        "amount": 12800,
        "currency": "CNY",
        "gameCoins": 0
    },
    {
        "skuCode": "31003",
        "skuType": 1,
        "goodsId": "PayPassportC_31003",
        "skuName": "勘探差价",
        "amount": 6000,
        "currency": "CNY",
        "gameCoins": 0
    },
    {
        "skuCode": "31001",
        "skuType": 1,
        "goodsId": "PayPassportA_31001",
        "skuName": "高级勘探",
        "amount": 6800,
        "currency": "CNY",
        "gameCoins": 0
    },
    {
        "skuCode": "31017",
        "skuType": 1,
        "goodsId": "PayItem_648",
        "skuName": "限时养成材料",
        "amount": 64800,
        "currency": "CNY",
        "gameCoins": 0
    },
    {
        "skuCode": "31018",
        "skuType": 1,
        "goodsId": "PayItem_30",
        "skuName": "初级燃料礼包",
        "amount": 3000,
        "currency": "CNY",
        "gameCoins": 0
    },
    {
        "skuCode": "31015",
        "skuType": 1,
        "goodsId": "PayItem_108",
        "skuName": "限时构建优惠礼包",
        "amount": 10800,
        "currency": "CNY",
        "gameCoins": 0
    },
    {
        "skuCode": "31016",
        "skuType": 1,
        "goodsId": "PayItem_328",
        "skuName": "限时构建礼包",
        "amount": 32800,
        "currency": "CNY",
        "gameCoins": 0
    },
    {
        "skuCode": "31019",
        "skuType": 1,
        "goodsId": "PayItem_328",
        "skuName": "高级燃料礼包",
        "amount": 32800,
        "currency": "CNY",
        "gameCoins": 0
    },
    {
        "skuCode": "31020",
        "skuType": 1,
        "goodsId": "PayItem_45",
        "skuName": "每周构建补给包",
        "amount": 4500,
        "currency": "CNY",
        "gameCoins": 0
    },
    {
        "skuCode": "31021",
        "skuType": 1,
        "goodsId": "PayItem_45",
        "skuName": "14天燃料支援包",
        "amount": 4500,
        "currency": "CNY",
        "gameCoins": 0
    },
    {
        "skuCode": "31024",
        "skuType": 1,
        "goodsId": "PayItem_248",
        "skuName": "每周高级构建礼包",
        "amount": 24800,
        "currency": "CNY",
        "gameCoins": 0
    },
    {
        "skuCode": "31025",
        "skuType": 1,
        "goodsId": "PayItem_198",
        "skuName": "每周养成包",
        "amount": 19800,
        "currency": "CNY",
        "gameCoins": 0
    },
    {
        "skuCode": "31022",
        "skuType": 1,
        "goodsId": "PayItem_98",
        "skuName": "每周初级构建礼包",
        "amount": 9800,
        "currency": "CNY",
        "gameCoins": 0
    },
    {
        "skuCode": "31023",
        "skuType": 1,
        "goodsId": "PayItem_168",
        "skuName": "每周中级构建礼包",
        "amount": 16800,
        "currency": "CNY",
        "gameCoins": 0
    },
    {
        "skuCode": "31007",
        "skuType": 1,
        "goodsId": "PayItem_98",
        "skuName": "限时养成礼包",
        "amount": 9800,
        "currency": "CNY",
        "gameCoins": 0
    },
    {
        "skuCode": "31008",
        "skuType": 1,
        "goodsId": "PayGiftPack_400007",
        "skuName": "限时燃料礼包",
        "amount": 11800,
        "currency": "CNY",
        "gameCoins": 0
    },
    {
        "skuCode": "31009",
        "skuType": 1,
        "goodsId": "PayItem_198",
        "skuName": "限时构建包",
        "amount": 19800,
        "currency": "CNY",
        "gameCoins": 0
    },
    {
        "skuCode": "31010",
        "skuType": 1,
        "goodsId": "PayItem_248",
        "skuName": "高级限时养成礼包",
        "amount": 24800,
        "currency": "CNY",
        "gameCoins": 0
    },
    {
        "skuCode": "31011",
        "skuType": 1,
        "goodsId": "PayItem_128",
        "skuName": "限时养成礼包",
        "amount": 12800,
        "currency": "CNY",
        "gameCoins": 0
    },
    {
        "skuCode": "31012",
        "skuType": 1,
        "goodsId": "PayItem_68",
        "skuName": "芯片强化周礼包",
        "amount": 6800,
        "currency": "CNY",
        "gameCoins": 0
    },
    {
        "skuCode": "100003",
        "skuType": 1,
        "goodsId": "PaySkinPack_100003",
        "skuName": "皮肤礼包",
        "amount": 8800,
        "currency": "CNY",
        "gameCoins": 0
    },
    {
        "skuCode": "31039",
        "skuType": 1,
        "goodsId": "PayItem_248",
        "skuName": "1周年纪念礼盒II",
        "amount": 24800,
        "currency": "CNY",
        "gameCoins": 0
    },
    {
        "skuCode": "31038",
        "skuType": 1,
        "goodsId": "PayItem_198",
        "skuName": "1周年纪念礼盒I",
        "amount": 19800,
        "currency": "CNY",
        "gameCoins": 0
    },
    {
        "skuCode": "100001",
        "skuType": 1,
        "goodsId": "PaySkinPack_100001",
        "skuName": "皮肤礼包",
        "amount": 12800,
        "currency": "CNY",
        "gameCoins": 0
    },
    {
        "skuCode": "100002",
        "skuType": 1,
        "goodsId": "PaySkinPack_100002",
        "skuName": "皮肤礼包",
        "amount": 10800,
        "currency": "CNY",
        "gameCoins": 0
    },
    {
        "skuCode": "31042",
        "skuType": 1,
        "goodsId": "PayItem_248",
        "skuName": "春节纪念礼盒II",
        "amount": 24800,
        "currency": "CNY",
        "gameCoins": 0
    },
    {
        "skuCode": "31043",
        "skuType": 1,
        "goodsId": "PayItem_6",
        "skuName": "粲晶支援包I_v1",
        "amount": 600,
        "currency": "CNY",
        "gameCoins": 0
    },
    {
        "skuCode": "31041",
        "skuType": 1,
        "goodsId": "PayItem_198",
        "skuName": "春节纪念礼盒I",
        "amount": 19800,
        "currency": "CNY",
        "gameCoins": 0
    },
    {
        "skuCode": "31046",
        "skuType": 1,
        "goodsId": "PayItem_248",
        "skuName": "时装纪念礼盒II",
        "amount": 24800,
        "currency": "CNY",
        "gameCoins": 0
    },
    {
        "skuCode": "31047",
        "skuType": 1,
        "goodsId": "PayItem_6",
        "skuName": "粲晶支援包I",
        "amount": 600,
        "currency": "CNY",
        "gameCoins": 0
    },
    {
        "skuCode": "31044",
        "skuType": 1,
        "goodsId": "PayItem_68",
        "skuName": "粲晶支援包II_v1",
        "amount": 6800,
        "currency": "CNY",
        "gameCoins": 0
    },
    {
        "skuCode": "31045",
        "skuType": 1,
        "goodsId": "PayItem_198",
        "skuName": "时装纪念礼盒I",
        "amount": 19800,
        "currency": "CNY",
        "gameCoins": 0
    },
    {
        "skuCode": "31028",
        "skuType": 1,
        "goodsId": "PayItem_328",
        "skuName": "每月芯片礼包",
        "amount": 32800,
        "currency": "CNY",
        "gameCoins": 0
    },
    {
        "skuCode": "31029",
        "skuType": 1,
        "goodsId": "PayItem_328",
        "skuName": "每月技能升级礼包",
        "amount": 32800,
        "currency": "CNY",
        "gameCoins": 0
    },
    {
        "skuCode": "31026",
        "skuType": 1,
        "goodsId": "PayItem_328",
        "skuName": "每周高级养成包",
        "amount": 32800,
        "currency": "CNY",
        "gameCoins": 0
    },
    {
        "skuCode": "31027",
        "skuType": 1,
        "goodsId": "PayItem_68",
        "skuName": "每月抽卡礼包",
        "amount": 6800,
        "currency": "CNY",
        "gameCoins": 0
    },
    {
        "skuCode": "31031",
        "skuType": 1,
        "goodsId": "PayItem_6",
        "skuName": "节日小额礼包",
        "amount": 600,
        "currency": "CNY",
        "gameCoins": 0
    },
    {
        "skuCode": "31032",
        "skuType": 1,
        "goodsId": "PayItem_30",
        "skuName": "周年礼包",
        "amount": 3000,
        "currency": "CNY",
        "gameCoins": 0
    },
    {
        "skuCode": "31030",
        "skuType": 1,
        "goodsId": "PayItem_18",
        "skuName": "每日优惠包",
        "amount": 1800,
        "currency": "CNY",
        "gameCoins": 0
    },
    {
        "skuCode": "31035",
        "skuType": 1,
        "goodsId": "PayItem_328",
        "skuName": "节日养成材料礼包",
        "amount": 32800,
        "currency": "CNY",
        "gameCoins": 0
    },
    {
        "skuCode": "31036",
        "skuType": 1,
        "goodsId": "PayItem_248",
        "skuName": "节日自选角色包",
        "amount": 24800,
        "currency": "CNY",
        "gameCoins": 0
    },
    {
        "skuCode": "31033",
        "skuType": 1,
        "goodsId": "PayGiftPack_30018",
        "skuName": "节日小额抽卡礼包",
        "amount": 6000,
        "currency": "CNY",
        "gameCoins": 0
    },
    {
        "skuCode": "31034",
        "skuType": 1,
        "goodsId": "PayItem_168",
        "skuName": "节日大额抽卡礼包",
        "amount": 16800,
        "currency": "CNY",
        "gameCoins": 0
    },
    {
        "skuCode": "110001",
        "skuType": 1,
        "goodsId": "PaySkinPack_110001",
        "skuName": "优惠皮肤礼包",
        "amount": 11500,
        "currency": "CNY",
        "gameCoins": 0
    },
    {
        "skuCode": "110002",
        "skuType": 1,
        "goodsId": "PaySkinPack_110002",
        "skuName": "优惠皮肤礼包",
        "amount": 9700,
        "currency": "CNY",
        "gameCoins": 0
    },
    {
        "skuCode": "110003",
        "skuType": 1,
        "goodsId": "PaySkinPack_110003",
        "skuName": "优惠皮肤礼包",
        "amount": 7900,
        "currency": "CNY",
        "gameCoins": 0
    },
    {
        "skuCode": "31754",
        "skuType": 1,
        "goodsId": "PayItem_298",
        "skuName": "构建整备Ⅲ",
        "amount": 29800,
        "currency": "CNY",
        "gameCoins": 0
    },
    {
        "skuCode": "31752",
        "skuType": 1,
        "goodsId": "PayItem_198",
        "skuName": "构建整备Ⅱ",
        "amount": 19800,
        "currency": "CNY",
        "gameCoins": 0
    },
    {
        "skuCode": "31753",
        "skuType": 1,
        "goodsId": "PayItem_48",
        "skuName": "构建整备·初阶",
        "amount": 4800,
        "currency": "CNY",
        "gameCoins": 0
    },
    {
        "skuCode": "31501",
        "skuType": 1,
        "goodsId": "PayItem_98",
        "skuName": "5星重击芯片自选包",
        "amount": 9800,
        "currency": "CNY",
        "gameCoins": 0
    },
    {
        "skuCode": "31502",
        "skuType": 1,
        "goodsId": "PayItem_98",
        "skuName": "5星特防芯片自选包",
        "amount": 9800,
        "currency": "CNY",
        "gameCoins": 0
    },
    {
        "skuCode": "31751",
        "skuType": 1,
        "goodsId": "PayItem_98",
        "skuName": "构建整备Ⅰ",
        "amount": 9800,
        "currency": "CNY",
        "gameCoins": 0
    },
    {
        "skuCode": "40002",
        "skuType": 1,
        "goodsId": "PayRecharge_40002",
        "skuName": "300粲晶",
        "amount": 3000,
        "currency": "CNY",
        "gameCoins": 0
    },
    {
        "skuCode": "40003",
        "skuType": 1,
        "goodsId": "PayRecharge_40003",
        "skuName": "980粲晶",
        "amount": 9800,
        "currency": "CNY",
        "gameCoins": 0
    },
    {
        "skuCode": "40004",
        "skuType": 1,
        "goodsId": "PayRecharge_40004",
        "skuName": "1980粲晶",
        "amount": 19800,
        "currency": "CNY",
        "gameCoins": 0
    },
    {
        "skuCode": "40005",
        "skuType": 1,
        "goodsId": "PayRecharge_40005",
        "skuName": "3280粲晶",
        "amount": 32800,
        "currency": "CNY",
        "gameCoins": 0
    },
    {
        "skuCode": "40006",
        "skuType": 1,
        "goodsId": "PayRecharge_40006",
        "skuName": "6480粲晶",
        "amount": 64800,
        "currency": "CNY",
        "gameCoins": 0
    },
    {
        "skuCode": "120001",
        "skuType": 1,
        "goodsId": "PaySkinPack_120001",
        "skuName": "特惠皮肤礼包",
        "amount": 10200,
        "currency": "CNY",
        "gameCoins": 0
    },
    {
        "skuCode": "120002",
        "skuType": 1,
        "goodsId": "PaySkinPack_120002",
        "skuName": "特惠皮肤礼包",
        "amount": 8600,
        "currency": "CNY",
        "gameCoins": 0
    },
    {
        "skuCode": "120003",
        "skuType": 1,
        "goodsId": "PaySkinPack_120003",
        "skuName": "特惠皮肤礼包",
        "amount": 7000,
        "currency": "CNY",
        "gameCoins": 0
    },
    {
        "skuCode": "40001",
        "skuType": 1,
        "goodsId": "PayRecharge_40001",
        "skuName": "60粲晶",
        "amount": 600,
        "currency": "CNY",
        "gameCoins": 0
    },
    {
        "skuCode": "50075",
        "skuType": 1,
        "goodsId": "PayItem_108",
        "skuName": "宙斯直购皮肤",
        "amount": 10800,
        "currency": "CNY",
        "gameCoins": 0
    },
    {
        "skuCode": "50069",
        "skuType": 1,
        "goodsId": "PayItem_108",
        "skuName": "纳格陵直购皮肤",
        "amount": 10800,
        "currency": "CNY",
        "gameCoins": 0
    },
    {
        "skuCode": "31303",
        "skuType": 1,
        "goodsId": "PayItem_68",
        "skuName": "特惠限定凭证",
        "amount": 6800,
        "currency": "CNY",
        "gameCoins": 0
    },
    {
        "skuCode": "31301",
        "skuType": 1,
        "goodsId": "PayItem_68",
        "skuName": "特惠限定凭证",
        "amount": 6800,
        "currency": "CNY",
        "gameCoins": 0
    },
    {
        "skuCode": "31302",
        "skuType": 1,
        "goodsId": "PayItem_48",
        "skuName": "同行限定凭证",
        "amount": 4800,
        "currency": "CNY",
        "gameCoins": 0
    },
    {
        "skuCode": "50061",
        "skuType": 1,
        "goodsId": "PayItem_198",
        "skuName": "莉普丝直购皮肤",
        "amount": 19800,
        "currency": "CNY",
        "gameCoins": 0
    },
    {
        "skuCode": "50056",
        "skuType": 1,
        "goodsId": "PayItem_88",
        "skuName": "波塞冬直购皮肤",
        "amount": 8800,
        "currency": "CNY",
        "gameCoins": 0
    },
    {
        "skuCode": "130002",
        "skuType": 1,
        "goodsId": "PaySkinPack_130002",
        "skuName": "促销皮肤礼包",
        "amount": 5400,
        "currency": "CNY",
        "gameCoins": 0
    },
    {
        "skuCode": "130003",
        "skuType": 1,
        "goodsId": "PaySkinPack_130003",
        "skuName": "促销皮肤礼包",
        "amount": 4400,
        "currency": "CNY",
        "gameCoins": 0
    },
    {
        "skuCode": "130001",
        "skuType": 1,
        "goodsId": "PaySkinPack_130001",
        "skuName": "促销皮肤礼包",
        "amount": 6400,
        "currency": "CNY",
        "gameCoins": 0
    },
    {
        "skuCode": "700012",
        "skuType": 1,
        "goodsId": "PayItem_30",
        "skuName": "小额付费30",
        "amount": 3000,
        "currency": "CNY",
        "gameCoins": 0
    },
    {
        "skuCode": "700006",
        "skuType": 1,
        "goodsId": "PayItem_12",
        "skuName": "小额付费12",
        "amount": 1200,
        "currency": "CNY",
        "gameCoins": 0
    },
    {
        "skuCode": "700003",
        "skuType": 1,
        "goodsId": "PayItem_6",
        "skuName": "小额付费6",
        "amount": 600,
        "currency": "CNY",
        "gameCoins": 0
    },
    {
        "skuCode": "700009",
        "skuType": 1,
        "goodsId": "PayItem_18",
        "skuName": "小额付费18",
        "amount": 1800,
        "currency": "CNY",
        "gameCoins": 0
    },
    {
        "skuCode": "31703",
        "skuType": 1,
        "goodsId": "PayItem_108",
        "skuName": "跃升特配组",
        "amount": 10800,
        "currency": "CNY",
        "gameCoins": 0
    },
    {
        "skuCode": "31704",
        "skuType": 1,
        "goodsId": "PayGiftPack_30020",
        "skuName": "芯片养成·进阶",
        "amount": 11800,
        "currency": "CNY",
        "gameCoins": 0
    },
    {
        "skuCode": "31701",
        "skuType": 1,
        "goodsId": "PayItem_48",
        "skuName": "构建资材Ⅰ",
        "amount": 4800,
        "currency": "CNY",
        "gameCoins": 0
    },
    {
        "skuCode": "31702",
        "skuType": 1,
        "goodsId": "PayItem_98",
        "skuName": "构建资材Ⅱ",
        "amount": 9800,
        "currency": "CNY",
        "gameCoins": 0
    },
    {
        "skuCode": "31705",
        "skuType": 1,
        "goodsId": "PayItem_128",
        "skuName": "技能特训组",
        "amount": 12800,
        "currency": "CNY",
        "gameCoins": 0
    }
]